airline,date_of_journey,source,destination,dep_time,arrival_time,duration,total_stops,additional_info,price
Jet Airways,2019-05-18,Delhi,Cochin,02:15:00,19:00:00,1005,1.0,No Info,15554
Air India,2019-03-24,Mumbai,Hyderabad,19:30:00,20:45:00,75,0.0,No Info,2575
Jet Airways,2019-03-24,Kolkata,Banglore,06:30:00,16:20:00,590,1.0,In-flight meal not included,8824
Air India,2019-03-03,Delhi,Cochin,07:05:00,19:15:00,2170,2.0,No Info,11762
Multiple Carriers,2019-03-03,Delhi,Cochin,10:20:00,01:35:00,915,1.0,No Info,15147
Jet Airways,2019-03-01,Banglore,New Delhi,22:50:00,10:25:00,695,1.0,1 Long layover,31825
Indigo,2019-06-03,Delhi,Cochin,07:35:00,12:10:00,275,1.0,No Info,6069
Indigo,2019-06-03,Banglore,Delhi,18:25:00,21:20:00,175,0.0,No Info,4823
Goair,2019-05-06,Banglore,Delhi,20:55:00,23:40:00,165,0.0,No Info,3419
Jet Airways,2019-06-27,Delhi,Cochin,08:00:00,19:00:00,660,1.0,In-flight meal not included,10262
Jet Airways,2019-03-06,Banglore,New Delhi,11:40:00,18:25:00,405,1.0,No Info,19225
Indigo,2019-05-03,Banglore,Delhi,20:00:00,22:50:00,170,0.0,No Info,4823
Vistara,2019-03-06,Mumbai,Hyderabad,20:55:00,16:45:00,1190,1.0,No Info,12395
Indigo,2019-06-18,Banglore,Delhi,22:10:00,01:00:00,170,0.0,No Info,3419
Air India,2019-04-09,Banglore,Delhi,21:05:00,23:55:00,170,0.0,No Info,4441
Multiple Carriers,2019-05-21,Delhi,Cochin,07:05:00,21:00:00,835,1.0,In-flight meal not included,9930
Air India,2019-03-09,Delhi,Cochin,23:00:00,07:40:00,520,1.0,No Info,10840
Indigo,2019-06-24,Chennai,Kolkata,11:35:00,14:00:00,145,0.0,No Info,3858
Air India,2019-03-27,Delhi,Cochin,07:00:00,19:15:00,735,1.0,No Info,6377
Jet Airways,2019-03-21,Mumbai,Hyderabad,03:05:00,04:25:00,80,0.0,In-flight meal not included,2759
Air India,2019-06-06,Kolkata,Banglore,09:50:00,21:05:00,675,1.0,No Info,7452
Jet Airways,2019-04-21,Banglore,Delhi,18:55:00,22:00:00,185,0.0,In-flight meal not included,4544
Goair,2019-04-15,Banglore,Delhi,07:45:00,10:40:00,175,0.0,No Info,4632
Spicejet,2019-03-24,Banglore,New Delhi,05:45:00,08:35:00,170,0.0,No Info,3579
Air India,2019-03-03,Banglore,New Delhi,06:45:00,11:10:00,1705,2.0,No Info,12599
Jet Airways,2019-06-12,Delhi,Cochin,14:35:00,12:35:00,1320,2.0,In-flight meal not included,10919
Air India,2019-06-03,Banglore,Delhi,10:00:00,12:45:00,165,0.0,No Info,6961
Indigo,2019-06-06,Mumbai,Hyderabad,12:00:00,13:30:00,90,0.0,No Info,2754
Jet Airways,2019-06-24,Banglore,Delhi,08:20:00,11:20:00,180,0.0,In-flight meal not included,5769
Multiple Carriers,2019-05-15,Delhi,Cochin,10:00:00,19:15:00,555,1.0,No Info,14323
Multiple Carriers,2019-06-01,Delhi,Cochin,07:05:00,22:30:00,925,1.0,No Info,9646
Indigo,2019-04-03,Banglore,Delhi,01:30:00,04:15:00,165,0.0,No Info,3419
Air India,2019-05-21,Kolkata,Banglore,14:35:00,14:35:00,1440,1.0,No Info,6528
Multiple Carriers,2019-03-21,Delhi,Cochin,07:05:00,16:10:00,545,1.0,No Info,6717
Air India,2019-05-21,Delhi,Cochin,07:05:00,09:25:00,1580,2.0,No Info,10975
Jet Airways,2019-03-21,Delhi,Cochin,06:20:00,04:25:00,1325,2.0,In-flight meal not included,8273
Jet Airways,2019-03-21,Banglore,New Delhi,11:40:00,07:40:00,1200,1.0,In-flight meal not included,7832
Multiple Carriers,2019-05-09,Delhi,Cochin,10:20:00,01:30:00,910,1.0,No Info,9021
Jet Airways,2019-06-15,Delhi,Cochin,11:30:00,19:00:00,450,1.0,No Info,14714
Vistara,2019-05-24,Chennai,Kolkata,07:05:00,09:20:00,135,0.0,No Info,3687
Jet Airways,2019-06-03,Delhi,Cochin,02:15:00,19:00:00,1005,1.0,No Info,14714
Air India,2019-04-24,Delhi,Cochin,14:10:00,17:10:00,180,0.0,No Info,6094
Jet Airways,2019-05-21,Delhi,Cochin,17:30:00,19:00:00,1530,1.0,In-flight meal not included,12898
Jet Airways,2019-05-24,Delhi,Cochin,05:30:00,04:25:00,1375,2.0,No Info,15129
Indigo,2019-06-09,Kolkata,Banglore,17:35:00,22:15:00,280,1.0,No Info,5699
Jet Airways,2019-05-12,Kolkata,Banglore,18:55:00,09:20:00,865,1.0,In-flight meal not included,9663
Jet Airways,2019-03-18,Banglore,New Delhi,16:55:00,07:40:00,885,1.0,No Info,13555
Spicejet,2019-03-12,Chennai,Kolkata,08:20:00,10:35:00,135,0.0,No Info,6300
Vistara,2019-06-12,Kolkata,Banglore,17:00:00,23:25:00,385,1.0,No Info,8610
Air India,2019-06-01,Mumbai,Hyderabad,21:05:00,22:25:00,80,0.0,No Info,3100
Air India,2019-05-01,Kolkata,Banglore,12:00:00,18:30:00,1830,2.0,No Info,10151
Air India,2019-05-03,Kolkata,Banglore,20:45:00,23:20:00,155,0.0,No Info,4145
Vistara,2019-03-24,Banglore,New Delhi,21:10:00,00:05:00,175,0.0,No Info,4353
Indigo,2019-06-09,Delhi,Cochin,15:00:00,01:30:00,630,1.0,No Info,6316
Jet Airways,2019-05-27,Delhi,Cochin,13:25:00,12:35:00,1390,2.0,No Info,15129
Multiple Carriers,2019-03-06,Delhi,Cochin,07:30:00,19:15:00,705,1.0,No Info,15077
Jet Airways,2019-03-21,Delhi,Cochin,06:20:00,04:25:00,1325,2.0,No Info,12273
Jet Airways,2019-05-09,Kolkata,Banglore,17:00:00,10:55:00,1075,1.0,No Info,10953
Air India,2019-03-03,Banglore,New Delhi,13:20:00,16:10:00,170,0.0,No Info,10216
Multiple Carriers,2019-05-15,Delhi,Cochin,06:40:00,19:15:00,755,1.0,No Info,7787
Indigo,2019-05-09,Banglore,Delhi,04:00:00,06:50:00,170,0.0,No Info,3943
Jet Airways,2019-03-21,Banglore,New Delhi,05:45:00,19:10:00,805,1.0,In-flight meal not included,7832
Air India,2019-06-06,Kolkata,Banglore,05:50:00,12:30:00,1840,2.0,No Info,12723
Spicejet,2019-05-21,Chennai,Kolkata,09:45:00,12:00:00,135,0.0,No check-in baggage included,3543
Air India,2019-03-01,Banglore,New Delhi,05:50:00,16:20:00,630,2.0,Change airports,15119
Jet Airways,2019-06-18,Banglore,Delhi,19:50:00,22:50:00,180,0.0,No Info,8016
Multiple Carriers,2019-06-15,Delhi,Cochin,10:35:00,19:15:00,520,1.0,No Info,8614
Air India,2019-06-24,Delhi,Cochin,17:15:00,07:40:00,865,2.0,No Info,11989
Jet Airways,2019-06-24,Delhi,Cochin,13:00:00,04:25:00,925,1.0,In-flight meal not included,10262
Indigo,2019-03-27,Delhi,Cochin,06:40:00,22:20:00,940,1.0,No Info,6442
Jet Airways,2019-06-01,Mumbai,Hyderabad,19:35:00,21:05:00,90,0.0,In-flight meal not included,3210
Jet Airways,2019-06-06,Kolkata,Banglore,17:00:00,18:00:00,1500,1.0,No Info,12692
Multiple Carriers,2019-06-01,Delhi,Cochin,10:35:00,19:00:00,505,1.0,No Info,11200
Jet Airways,2019-04-27,Banglore,Delhi,11:10:00,14:05:00,175,0.0,No Info,7229
Jet Airways,2019-06-09,Banglore,Delhi,08:20:00,11:20:00,180,0.0,In-flight meal not included,7229
Goair,2019-03-09,Banglore,New Delhi,07:45:00,10:40:00,175,0.0,No Info,7631
Jet Airways,2019-05-18,Delhi,Cochin,17:30:00,19:00:00,1530,1.0,In-flight meal not included,12373
Multiple Carriers,2019-05-27,Delhi,Cochin,15:00:00,01:30:00,630,1.0,No Info,13377
Air India,2019-05-21,Delhi,Cochin,22:00:00,19:15:00,1275,2.0,No Info,10231
Spicejet,2019-04-06,Kolkata,Banglore,14:55:00,17:25:00,150,0.0,No check-in baggage included,3841
Jet Airways,2019-03-12,Banglore,New Delhi,08:00:00,21:20:00,800,1.0,No Info,13817
Indigo,2019-04-09,Banglore,Delhi,01:30:00,04:15:00,165,0.0,No Info,3419
Indigo,2019-03-09,Banglore,New Delhi,16:55:00,21:50:00,295,1.0,No Info,4259
Air India,2019-03-21,Delhi,Cochin,14:10:00,17:10:00,180,0.0,No Info,5674
Indigo,2019-06-15,Chennai,Kolkata,14:45:00,17:05:00,140,0.0,No Info,3597
Multiple Carriers,2019-03-09,Delhi,Cochin,00:20:00,12:55:00,755,1.0,In-flight meal not included,18260
Air India,2019-06-12,Delhi,Cochin,20:30:00,08:15:00,705,1.0,No Info,8991
Jet Airways,2019-03-21,Banglore,New Delhi,07:00:00,16:10:00,550,1.0,In-flight meal not included,7832
Jet Airways,2019-05-09,Kolkata,Banglore,06:30:00,04:40:00,1330,1.0,No Info,13941
Jet Airways,2019-05-24,Delhi,Cochin,19:10:00,19:00:00,1430,2.0,No Info,15129
Multiple Carriers,2019-06-27,Delhi,Cochin,07:00:00,19:00:00,720,1.0,No Info,12192
Air Asia,2019-06-06,Banglore,Delhi,23:55:00,02:45:00,170,0.0,No Info,7120
Vistara,2019-04-03,Banglore,Delhi,11:30:00,14:20:00,170,0.0,No Info,5403
Air India,2019-06-09,Banglore,Delhi,21:05:00,23:55:00,170,0.0,No Info,5228
Multiple Carriers,2019-03-06,Delhi,Cochin,17:30:00,01:35:00,485,1.0,No Info,17057
Spicejet,2019-04-15,Kolkata,Banglore,22:20:00,00:40:00,140,0.0,No Info,3873
Jet Airways,2019-05-18,Kolkata,Banglore,18:55:00,09:20:00,865,1.0,In-flight meal not included,9663
Indigo,2019-03-09,Banglore,New Delhi,01:30:00,04:15:00,165,0.0,No Info,6860
Goair,2019-04-03,Delhi,Cochin,07:00:00,12:55:00,355,1.0,No Info,4725
Multiple Carriers,2019-05-09,Delhi,Cochin,11:25:00,19:15:00,470,1.0,No Info,7575
Multiple Carriers,2019-05-21,Delhi,Cochin,09:15:00,19:15:00,600,1.0,No Info,8099
Jet Airways,2019-03-24,Kolkata,Banglore,16:55:00,18:10:00,1515,1.0,No Info,14231
Indigo,2019-05-09,Delhi,Cochin,21:50:00,03:35:00,345,1.0,No Info,6058
Jet Airways,2019-06-18,Banglore,Delhi,07:10:00,10:10:00,180,0.0,No Info,8016
Multiple Carriers,2019-06-09,Delhi,Cochin,19:00:00,01:30:00,390,1.0,No Info,7408
Jet Airways,2019-05-24,Kolkata,Banglore,21:10:00,08:15:00,665,1.0,No Info,14178
Jet Airways,2019-05-15,Kolkata,Banglore,09:35:00,21:05:00,690,1.0,No Info,12121
Spicejet,2019-04-21,Delhi,Cochin,06:05:00,11:20:00,315,1.0,No Info,5583
Jet Airways,2019-06-06,Delhi,Cochin,19:45:00,19:00:00,1395,1.0,No Info,14714
Indigo,2019-06-15,Banglore,Delhi,21:15:00,00:15:00,180,0.0,No Info,3943
Indigo,2019-05-27,Delhi,Cochin,15:10:00,20:00:00,290,1.0,No Info,5912
Jet Airways,2019-06-09,Delhi,Cochin,19:15:00,19:00:00,1425,1.0,In-flight meal not included,10577
Jet Airways,2019-03-06,Banglore,New Delhi,11:40:00,08:15:00,1235,1.0,No Info,16736
Jet Airways,2019-03-01,Banglore,New Delhi,18:40:00,09:00:00,860,1.0,No Info,31825
Air India,2019-03-27,Delhi,Cochin,21:00:00,19:15:00,1335,1.0,No Info,6692
Jet Airways,2019-06-06,Delhi,Cochin,15:00:00,19:00:00,1680,1.0,No Info,14714
Jet Airways,2019-06-09,Delhi,Cochin,06:45:00,04:25:00,1300,2.0,No Info,13376
Jet Airways,2019-03-06,Delhi,Cochin,15:05:00,04:25:00,800,1.0,No Info,15764
Indigo,2019-05-18,Delhi,Cochin,07:35:00,16:10:00,515,1.0,No Info,6442
Jet Airways,2019-06-24,Delhi,Cochin,09:35:00,12:35:00,1620,2.0,No Info,12609
Jet Airways,2019-03-21,Banglore,New Delhi,22:50:00,10:25:00,695,1.0,In-flight meal not included,7832
Air India,2019-04-09,Delhi,Cochin,07:00:00,19:15:00,735,1.0,No Info,6674
Indigo,2019-05-06,Banglore,Delhi,00:30:00,03:25:00,175,0.0,No Info,4284
Indigo,2019-06-03,Delhi,Cochin,11:25:00,21:00:00,575,1.0,No Info,6093
Indigo,2019-06-21,Banglore,Delhi,04:00:00,06:50:00,170,0.0,No Info,3943
Jet Airways,2019-06-06,Kolkata,Banglore,06:30:00,07:25:00,1495,2.0,In-flight meal not included,10118
Air India,2019-05-24,Kolkata,Banglore,10:00:00,05:25:00,1165,2.0,No Info,15107
Jet Airways,2019-04-06,Delhi,Cochin,11:30:00,19:00:00,450,1.0,In-flight meal not included,5177
Indigo,2019-03-15,Kolkata,Banglore,15:20:00,17:55:00,155,0.0,No Info,4148
Spicejet,2019-04-27,Delhi,Cochin,06:05:00,11:20:00,315,1.0,No Info,5899
Indigo,2019-06-06,Kolkata,Banglore,17:15:00,19:50:00,155,0.0,No Info,4804
Jet Airways,2019-06-09,Kolkata,Banglore,08:25:00,19:50:00,685,1.0,In-flight meal not included,10844
Multiple Carriers,2019-03-27,Delhi,Cochin,13:05:00,21:20:00,495,2.0,No Info,6128
Jet Airways,2019-06-01,Delhi,Cochin,08:00:00,19:00:00,660,1.0,In-flight meal not included,10262
Multiple Carriers,2019-06-01,Delhi,Cochin,14:55:00,22:30:00,455,1.0,No Info,7038
Indigo,2019-06-27,Chennai,Kolkata,11:35:00,14:00:00,145,0.0,No Info,3858
Multiple Carriers,2019-06-12,Delhi,Cochin,14:00:00,21:00:00,420,1.0,No Info,13587
Indigo,2019-05-15,Kolkata,Banglore,08:10:00,13:00:00,290,1.0,No Info,5069
Indigo,2019-03-03,Mumbai,Hyderabad,12:00:00,13:25:00,85,0.0,No Info,5755
Air India,2019-06-15,Kolkata,Banglore,14:15:00,16:45:00,150,0.0,No Info,5510
Air India,2019-03-21,Delhi,Cochin,05:15:00,19:15:00,2280,3.0,No Info,9128
Indigo,2019-03-09,Delhi,Cochin,07:35:00,16:10:00,515,1.0,No Info,6674
Jet Airways,2019-06-15,Delhi,Cochin,14:00:00,04:25:00,865,1.0,In-flight meal not included,10262
Multiple Carriers,2019-06-27,Delhi,Cochin,09:00:00,19:15:00,615,1.0,No Info,14848
Indigo,2019-04-24,Banglore,Delhi,13:00:00,15:50:00,170,0.0,No Info,4423
Jet Airways,2019-03-18,Banglore,New Delhi,08:55:00,15:55:00,420,2.0,No Info,16338
Jet Airways,2019-05-24,Kolkata,Banglore,20:25:00,18:00:00,1295,1.0,No Info,14151
Jet Airways,2019-05-01,Kolkata,Banglore,08:25:00,16:20:00,475,1.0,In-flight meal not included,10844
Indigo,2019-04-12,Banglore,Delhi,08:30:00,11:20:00,170,0.0,No Info,4823
Indigo,2019-03-06,Delhi,Cochin,07:35:00,16:10:00,515,1.0,No Info,7094
Jet Airways,2019-05-18,Delhi,Cochin,11:00:00,14:15:00,195,0.0,No Info,9564
Jet Airways,2019-04-03,Delhi,Cochin,02:15:00,19:00:00,1005,1.0,In-flight meal not included,4757
Jet Airways,2019-03-06,Delhi,Cochin,19:10:00,19:45:00,1475,2.0,No Info,19329
Jet Airways,2019-04-24,Banglore,Delhi,19:50:00,22:50:00,180,0.0,In-flight meal not included,4544
Vistara,2019-05-18,Chennai,Kolkata,17:45:00,20:05:00,140,0.0,No Info,11982
Jet Airways,2019-05-12,Kolkata,Banglore,09:35:00,14:25:00,1730,1.0,No Info,13067
Vistara,2019-03-24,Kolkata,Banglore,17:00:00,09:10:00,970,1.0,No Info,13310
Indigo,2019-03-03,Delhi,Cochin,04:55:00,12:00:00,425,1.0,No Info,9585
Vistara,2019-06-27,Banglore,Delhi,07:00:00,09:40:00,160,0.0,No Info,4668
Indigo,2019-05-21,Kolkata,Banglore,15:15:00,20:05:00,290,1.0,No Info,5170
Multiple Carriers,2019-06-12,Delhi,Cochin,07:05:00,22:30:00,925,1.0,No Info,9646
Air India,2019-05-06,Kolkata,Banglore,09:25:00,07:55:00,1350,1.0,No Info,8366
Jet Airways,2019-06-06,Delhi,Cochin,15:00:00,04:25:00,805,1.0,No Info,14714
Air Asia,2019-06-01,Delhi,Cochin,20:45:00,07:10:00,625,1.0,No Info,11410
Air India,2019-05-12,Mumbai,Hyderabad,06:20:00,07:40:00,80,0.0,No Info,3100
Vistara,2019-03-09,Banglore,New Delhi,11:30:00,14:10:00,160,0.0,No Info,9918
Jet Airways,2019-06-06,Delhi,Cochin,11:40:00,19:00:00,440,2.0,No Info,18804
Jet Airways,2019-03-12,Banglore,New Delhi,18:55:00,10:25:00,930,1.0,In-flight meal not included,11087
Multiple Carriers,2019-05-18,Delhi,Cochin,07:05:00,19:15:00,730,1.0,No Info,14533
Multiple Carriers,2019-03-21,Delhi,Cochin,09:10:00,18:50:00,580,1.0,No Info,13069
Air India,2019-04-27,Delhi,Cochin,14:10:00,17:10:00,180,0.0,No Info,6094
Jet Airways,2019-05-06,Kolkata,Banglore,21:10:00,08:15:00,665,1.0,In-flight meal not included,7757
Jet Airways,2019-05-21,Kolkata,Banglore,20:00:00,12:00:00,960,1.0,No Info,14781
Jet Airways,2019-05-15,Banglore,Delhi,17:45:00,20:45:00,180,0.0,In-flight meal not included,4030
Jet Airways,2019-06-06,Delhi,Cochin,11:00:00,14:15:00,195,0.0,No Info,9564
Jet Airways,2019-03-21,Delhi,Cochin,13:55:00,18:50:00,1735,2.0,In-flight meal not included,8728
Multiple Carriers,2019-03-21,Delhi,Cochin,09:00:00,15:30:00,390,1.0,No Info,8307
Jet Airways,2019-04-01,Kolkata,Banglore,20:25:00,15:05:00,1120,1.0,No Info,11467
Multiple Carriers,2019-05-21,Delhi,Cochin,10:00:00,19:00:00,540,1.0,No Info,10197
Air India,2019-05-27,Delhi,Cochin,19:00:00,19:15:00,1455,1.0,No Info,8372
Jet Airways,2019-05-18,Kolkata,Banglore,20:00:00,18:15:00,1335,1.0,In-flight meal not included,10844
Air India,2019-03-03,Delhi,Cochin,06:10:00,23:00:00,1010,1.0,No Info,13002
Jet Airways,2019-04-21,Banglore,Delhi,07:10:00,10:10:00,180,0.0,In-flight meal not included,6144
Air India,2019-05-09,Kolkata,Banglore,14:30:00,23:15:00,525,2.0,No Info,14214
Multiple Carriers,2019-05-09,Delhi,Cochin,07:30:00,19:00:00,690,1.0,No Info,9794
Air India,2019-03-06,Delhi,Cochin,04:00:00,07:40:00,1660,1.0,No Info,12940
Air India,2019-03-06,Delhi,Cochin,09:00:00,07:40:00,1360,1.0,No Info,14882
Multiple Carriers,2019-05-06,Delhi,Cochin,07:30:00,19:00:00,690,1.0,No Info,10529
Multiple Carriers,2019-03-06,Delhi,Cochin,07:05:00,21:20:00,855,2.0,No Info,7084
Jet Airways,2019-05-18,Kolkata,Banglore,14:05:00,10:05:00,1200,1.0,In-flight meal not included,9663
Indigo,2019-04-27,Banglore,Delhi,10:10:00,13:00:00,170,0.0,No Info,4423
Jet Airways,2019-04-21,Banglore,Delhi,08:20:00,11:20:00,180,0.0,No Info,7229
Air India,2019-06-03,Delhi,Cochin,07:10:00,19:15:00,725,2.0,No Info,12698
Multiple Carriers,2019-06-27,Delhi,Cochin,04:55:00,19:15:00,860,1.0,No Info,7155
Jet Airways,2019-05-12,Banglore,Delhi,08:20:00,11:20:00,180,0.0,In-flight meal not included,6144
Indigo,2019-06-01,Mumbai,Hyderabad,12:00:00,13:30:00,90,0.0,No Info,2754
Multiple Carriers,2019-05-21,Delhi,Cochin,09:15:00,19:00:00,585,1.0,No Info,9627
Jet Airways,2019-04-01,Kolkata,Banglore,14:05:00,19:50:00,345,1.0,No Info,13364
Jet Airways,2019-06-01,Banglore,Delhi,07:10:00,10:10:00,180,0.0,In-flight meal not included,7229
Jet Airways,2019-05-27,Delhi,Cochin,19:10:00,19:00:00,1430,2.0,No Info,15129
Jet Airways,2019-05-21,Delhi,Cochin,05:30:00,12:35:00,425,2.0,No Info,16274
Multiple Carriers,2019-06-24,Delhi,Cochin,17:50:00,01:30:00,460,2.0,No Info,18275
Indigo,2019-06-24,Delhi,Cochin,06:40:00,21:00:00,860,1.0,No Info,6093
Indigo,2019-03-06,Delhi,Cochin,11:55:00,22:20:00,625,1.0,No Info,6442
Jet Airways,2019-06-06,Delhi,Cochin,22:50:00,19:00:00,1210,1.0,No Info,14714
Jet Airways,2019-04-12,Banglore,Delhi,17:45:00,20:45:00,180,0.0,No Info,7229
Air India,2019-03-09,Banglore,New Delhi,13:20:00,16:10:00,170,0.0,No Info,8851
Indigo,2019-06-21,Mumbai,Hyderabad,02:35:00,04:05:00,90,0.0,No Info,2754
Air Asia,2019-04-15,Banglore,Delhi,23:55:00,02:45:00,170,0.0,No Info,4483
Jet Airways,2019-04-06,Banglore,Delhi,18:55:00,22:00:00,185,0.0,No Info,7229
Indigo,2019-06-06,Delhi,Cochin,07:35:00,12:10:00,275,1.0,No Info,5458
Air India,2019-05-18,Delhi,Cochin,10:55:00,19:15:00,500,2.0,No Info,13486
Spicejet,2019-05-09,Mumbai,Hyderabad,13:15:00,14:45:00,90,0.0,No check-in baggage included,2175
Spicejet,2019-04-03,Kolkata,Banglore,17:10:00,19:40:00,150,0.0,No check-in baggage included,3841
Vistara,2019-06-09,Kolkata,Banglore,17:00:00,23:25:00,385,1.0,No Info,9870
Jet Airways,2019-06-12,Delhi,Cochin,21:50:00,12:35:00,885,1.0,In-flight meal not included,10262
Air India,2019-06-12,Banglore,Delhi,21:05:00,23:55:00,170,0.0,No Info,5228
Spicejet,2019-04-09,Banglore,Delhi,05:55:00,08:35:00,160,0.0,No Info,3971
Air India,2019-06-21,Banglore,Delhi,06:10:00,08:55:00,165,0.0,No Info,6961
Air India,2019-06-09,Mumbai,Hyderabad,06:20:00,07:40:00,80,0.0,No Info,3100
Jet Airways,2019-05-01,Kolkata,Banglore,06:30:00,16:20:00,590,1.0,No Info,14781
Air India,2019-05-21,Banglore,Delhi,17:00:00,19:50:00,170,0.0,No Info,6961
Jet Airways,2019-06-09,Kolkata,Banglore,21:10:00,18:15:00,1265,1.0,No Info,14571
Multiple Carriers,2019-05-27,Delhi,Cochin,08:45:00,19:00:00,615,1.0,No Info,10529
Spicejet,2019-06-18,Chennai,Kolkata,08:20:00,10:35:00,135,0.0,No check-in baggage included,3543
Air India,2019-05-06,Kolkata,Banglore,05:50:00,12:00:00,1810,2.0,No Info,11883
Indigo,2019-03-09,Mumbai,Hyderabad,06:20:00,07:45:00,85,0.0,No Info,4392
Jet Airways,2019-03-12,Banglore,New Delhi,18:55:00,11:25:00,990,1.0,In-flight meal not included,11087
Indigo,2019-05-18,Delhi,Cochin,11:55:00,22:30:00,635,1.0,No Info,8216
Jet Airways,2019-04-06,Banglore,Delhi,08:20:00,11:20:00,180,0.0,No Info,7229
Vistara,2019-06-09,Kolkata,Banglore,17:00:00,10:45:00,1065,1.0,No Info,9922
Multiple Carriers,2019-03-27,Delhi,Cochin,10:45:00,19:15:00,510,1.0,No Info,7154
Spicejet,2019-06-09,Kolkata,Banglore,11:15:00,18:30:00,435,1.0,No Info,9946
Jet Airways,2019-04-24,Banglore,Delhi,19:50:00,22:50:00,180,0.0,No Info,7229
Indigo,2019-05-12,Banglore,Delhi,07:10:00,10:05:00,175,0.0,No Info,4823
Spicejet,2019-06-06,Banglore,Delhi,05:55:00,08:35:00,160,0.0,No check-in baggage included,3573
Vistara,2019-05-12,Delhi,Cochin,06:00:00,09:10:00,190,0.0,No Info,6216
Jet Airways,2019-03-12,Banglore,New Delhi,16:55:00,08:15:00,920,1.0,No Info,13817
Vistara,2019-05-27,Banglore,Delhi,07:00:00,09:40:00,160,0.0,No Info,4668
Jet Airways,2019-03-24,Kolkata,Banglore,06:30:00,18:10:00,700,1.0,No Info,13759
Air India,2019-04-09,Delhi,Cochin,13:05:00,07:40:00,1115,2.0,No Info,8577
Indigo,2019-05-09,Chennai,Kolkata,05:15:00,07:40:00,145,0.0,No Info,3540
Vistara,2019-05-09,Kolkata,Banglore,17:00:00,10:45:00,1065,1.0,No Info,8452
Multiple Carriers,2019-05-27,Delhi,Cochin,16:00:00,01:30:00,570,1.0,No Info,13377
Jet Airways,2019-06-15,Delhi,Cochin,07:05:00,12:35:00,330,1.0,In-flight meal not included,10262
Air India,2019-06-18,Banglore,Delhi,17:00:00,19:50:00,170,0.0,No Info,6961
Air India,2019-06-12,Delhi,Cochin,12:30:00,09:25:00,1255,1.0,No Info,7480
Jet Airways,2019-06-09,Delhi,Cochin,05:30:00,04:25:00,1375,2.0,No Info,13014
Spicejet,2019-05-15,Kolkata,Banglore,17:10:00,19:40:00,150,0.0,No Info,4174
Jet Airways,2019-03-01,Banglore,New Delhi,16:55:00,09:00:00,965,1.0,1 Long layover,25735
Multiple Carriers,2019-03-06,Delhi,Cochin,11:30:00,19:15:00,465,1.0,No Info,15077
Indigo,2019-05-18,Chennai,Kolkata,14:45:00,17:05:00,140,0.0,No Info,3858
Jet Airways,2019-06-09,Kolkata,Banglore,20:00:00,04:40:00,520,1.0,No Info,14178
Goair,2019-03-09,Delhi,Cochin,06:00:00,13:20:00,440,1.0,No Info,8422
Jet Airways,2019-04-01,Banglore,Delhi,19:50:00,22:50:00,180,0.0,In-flight meal not included,4544
Air India,2019-05-24,Kolkata,Banglore,10:00:00,01:20:00,920,2.0,No Info,13873
Multiple Carriers,2019-06-27,Delhi,Cochin,04:55:00,12:35:00,460,1.0,No Info,10678
Jet Airways,2019-06-24,Delhi,Cochin,19:15:00,04:25:00,550,1.0,In-flight meal not included,10262
Air India,2019-05-12,Kolkata,Banglore,09:25:00,11:10:00,1545,1.0,No Info,8891
Jet Airways,2019-05-09,Delhi,Cochin,19:15:00,19:00:00,1425,1.0,No Info,15554
Vistara,2019-05-21,Kolkata,Banglore,07:10:00,20:20:00,790,1.0,No Info,9345
Air India,2019-05-12,Kolkata,Banglore,09:25:00,05:35:00,1210,2.0,No Info,11432
Multiple Carriers,2019-06-12,Delhi,Cochin,17:00:00,01:30:00,510,1.0,No Info,7198
Indigo,2019-06-06,Delhi,Cochin,21:50:00,03:35:00,345,1.0,No Info,6195
Jet Airways,2019-06-06,Delhi,Cochin,18:25:00,04:25:00,600,2.0,No Info,14237
Jet Airways,2019-05-06,Kolkata,Banglore,09:35:00,21:05:00,690,1.0,In-flight meal not included,10703
Air India,2019-04-24,Delhi,Cochin,05:10:00,08:00:00,170,0.0,No Info,5201
Multiple Carriers,2019-06-24,Delhi,Cochin,08:00:00,21:00:00,780,1.0,No Info,7618
Indigo,2019-05-15,Delhi,Cochin,02:00:00,07:45:00,345,1.0,No Info,6037
Jet Airways,2019-06-03,Delhi,Cochin,08:00:00,19:00:00,660,1.0,In-flight meal not included,10577
Jet Airways,2019-05-24,Kolkata,Banglore,14:05:00,20:45:00,400,1.0,In-flight meal not included,10844
Multiple Carriers,2019-03-06,Delhi,Cochin,15:15:00,01:35:00,620,1.0,No Info,15147
Air Asia,2019-05-21,Banglore,Delhi,04:55:00,07:45:00,170,0.0,No Info,3383
Spicejet,2019-05-09,Kolkata,Banglore,06:55:00,09:30:00,155,0.0,No check-in baggage included,3841
Air India,2019-06-27,Delhi,Cochin,22:00:00,19:15:00,1275,2.0,No Info,10441
Air India,2019-05-24,Kolkata,Banglore,09:25:00,01:20:00,955,2.0,No Info,12718
Spicejet,2019-06-21,Banglore,Delhi,05:55:00,08:35:00,160,0.0,No check-in baggage included,3919
Goair,2019-03-09,Banglore,New Delhi,15:50:00,20:15:00,265,1.0,No Info,7657
Air India,2019-03-21,Banglore,New Delhi,11:50:00,08:55:00,1265,1.0,No Info,5092
Air India,2019-03-18,Banglore,New Delhi,06:45:00,16:30:00,2025,2.0,No Info,10835
Indigo,2019-03-03,Delhi,Cochin,17:30:00,01:35:00,485,1.0,No Info,14871
Air India,2019-03-03,Banglore,New Delhi,08:15:00,12:15:00,240,1.0,No Info,6273
Jet Airways,2019-05-18,Mumbai,Hyderabad,02:55:00,04:20:00,85,0.0,No Info,5678
Air India,2019-06-09,Kolkata,Banglore,16:45:00,21:05:00,1700,1.0,No Info,7662
Jet Airways,2019-03-06,Delhi,Cochin,09:00:00,18:50:00,590,1.0,No Info,17024
Air India,2019-05-15,Delhi,Cochin,18:05:00,21:10:00,185,0.0,No Info,6094
Air India,2019-06-15,Delhi,Cochin,06:05:00,09:25:00,1640,1.0,No Info,7480
Air India,2019-05-21,Kolkata,Banglore,14:30:00,08:55:00,1105,2.0,No Info,15107
Spicejet,2019-04-06,Kolkata,Banglore,17:10:00,19:40:00,150,0.0,No check-in baggage included,3841
Jet Airways,2019-05-18,Kolkata,Banglore,14:05:00,08:15:00,1090,1.0,No Info,14388
Spicejet,2019-06-24,Mumbai,Hyderabad,13:15:00,14:45:00,90,0.0,No check-in baggage included,1965
Spicejet,2019-04-15,Delhi,Cochin,08:45:00,13:15:00,270,1.0,No check-in baggage included,5726
Indigo,2019-03-21,Delhi,Cochin,06:40:00,21:20:00,880,2.0,No Info,6494
Air India,2019-05-27,Delhi,Cochin,18:00:00,19:15:00,1515,1.0,No Info,8372
Jet Airways,2019-03-24,Kolkata,Banglore,13:55:00,19:40:00,345,1.0,No Info,14231
Indigo,2019-06-21,Mumbai,Hyderabad,09:10:00,10:40:00,90,0.0,No Info,5755
Multiple Carriers,2019-05-27,Delhi,Cochin,07:05:00,19:15:00,730,1.0,In-flight meal not included,12717
Multiple Carriers,2019-05-27,Delhi,Cochin,11:40:00,19:00:00,440,1.0,No Info,9794
Jet Airways,2019-05-01,Kolkata,Banglore,20:25:00,10:55:00,870,1.0,No Info,12121
Air India,2019-03-01,Delhi,Cochin,04:00:00,07:40:00,1660,1.0,No Info,28322
Multiple Carriers,2019-03-21,Delhi,Cochin,08:25:00,19:15:00,650,1.0,No Info,8601
Multiple Carriers,2019-03-21,Delhi,Cochin,10:00:00,01:35:00,935,1.0,In-flight meal not included,8565
Spicejet,2019-04-06,Kolkata,Banglore,22:20:00,00:40:00,140,0.0,No check-in baggage included,3841
Indigo,2019-06-27,Mumbai,Hyderabad,21:20:00,22:50:00,90,0.0,No Info,2227
Jet Airways,2019-06-24,Delhi,Cochin,07:05:00,12:35:00,330,1.0,No Info,14924
Air India,2019-05-21,Delhi,Cochin,05:55:00,19:15:00,800,2.0,No Info,10861
Spicejet,2019-05-03,Chennai,Kolkata,17:45:00,20:05:00,140,0.0,No Info,3597
Jet Airways,2019-05-03,Mumbai,Hyderabad,10:20:00,11:50:00,90,0.0,No Info,8040
Indigo,2019-05-21,Delhi,Cochin,05:35:00,08:50:00,195,0.0,No Info,5601
Indigo,2019-04-12,Banglore,Delhi,18:55:00,21:50:00,175,0.0,No Info,5780
Multiple Carriers,2019-05-18,Delhi,Cochin,06:00:00,19:00:00,780,1.0,No Info,9794
Goair,2019-05-12,Banglore,Delhi,20:55:00,23:40:00,165,0.0,No Info,3419
Jet Airways,2019-05-09,Delhi,Cochin,23:05:00,12:35:00,810,2.0,No Info,15129
Multiple Carriers,2019-03-06,Delhi,Cochin,08:55:00,15:30:00,395,1.0,No Info,15147
Spicejet,2019-06-03,Delhi,Cochin,08:45:00,13:15:00,270,1.0,No Info,5830
Indigo,2019-06-27,Chennai,Kolkata,14:45:00,17:05:00,140,0.0,No Info,3597
Jet Airways,2019-06-09,Kolkata,Banglore,06:30:00,12:00:00,330,1.0,No Info,14571
Jet Airways,2019-06-03,Delhi,Cochin,17:30:00,12:35:00,1145,1.0,No Info,14714
Air India,2019-06-12,Delhi,Cochin,18:30:00,19:15:00,1485,2.0,No Info,12488
Indigo,2019-03-03,Delhi,Cochin,08:35:00,22:20:00,825,1.0,No Info,10236
Multiple Carriers,2019-03-03,Delhi,Cochin,09:45:00,22:20:00,755,1.0,No Info,13838
Spicejet,2019-03-18,Banglore,New Delhi,05:45:00,08:35:00,170,0.0,No check-in baggage included,4273
Indigo,2019-04-27,Banglore,Delhi,06:05:00,08:50:00,165,0.0,No Info,4423
Jet Airways,2019-05-12,Kolkata,Banglore,06:30:00,08:15:00,1545,1.0,No Info,13941
Indigo,2019-06-24,Kolkata,Banglore,17:15:00,19:50:00,155,0.0,No Info,4804
Air Asia,2019-05-09,Kolkata,Banglore,15:10:00,23:30:00,500,2.0,No Info,5192
Air India,2019-03-03,Banglore,New Delhi,09:30:00,23:45:00,855,1.0,No Info,11654
Jet Airways,2019-05-21,Delhi,Cochin,13:25:00,19:00:00,1775,2.0,No Info,15129
Air India,2019-03-15,Mumbai,Hyderabad,19:30:00,20:45:00,75,0.0,No Info,3100
Air India,2019-04-21,Delhi,Cochin,05:10:00,08:00:00,170,0.0,No Info,6094
Spicejet,2019-06-27,Kolkata,Banglore,06:55:00,09:30:00,155,0.0,No Info,3873
Air India,2019-03-09,Delhi,Cochin,07:05:00,19:15:00,2170,2.0,No Info,11762
Vistara,2019-03-24,Kolkata,Banglore,07:10:00,09:10:00,1560,1.0,No Info,11682
Jet Airways,2019-05-27,Delhi,Cochin,11:00:00,14:15:00,195,0.0,No Info,9564
Jet Airways,2019-03-18,Banglore,New Delhi,22:50:00,09:30:00,640,1.0,No Info,13555
Jet Airways,2019-05-06,Banglore,Delhi,15:15:00,18:10:00,175,0.0,In-flight meal not included,3702
Jet Airways,2019-03-09,Delhi,Cochin,18:15:00,04:25:00,610,1.0,In-flight meal not included,14053
Indigo,2019-03-06,Delhi,Cochin,04:45:00,21:00:00,975,1.0,No Info,13611
Jet Airways,2019-05-06,Kolkata,Banglore,16:30:00,20:45:00,1695,1.0,In-flight meal not included,9663
Jet Airways,2019-03-18,Banglore,New Delhi,05:45:00,13:15:00,450,1.0,No Info,12284
Jet Airways,2019-05-01,Kolkata,Banglore,21:10:00,09:20:00,730,1.0,In-flight meal not included,10844
Air India,2019-03-03,Delhi,Cochin,20:00:00,19:15:00,1395,2.0,No Info,17266
Jet Airways,2019-03-15,Mumbai,Hyderabad,15:50:00,17:20:00,90,0.0,No Info,5678
Air India,2019-06-12,Kolkata,Banglore,20:30:00,13:45:00,1035,2.0,No Info,12224
Jet Airways,2019-05-24,Kolkata,Banglore,18:55:00,10:05:00,910,1.0,In-flight meal not included,8586
Air India,2019-03-27,Delhi,Cochin,13:20:00,07:40:00,1100,2.0,No Info,10178
Jet Airways,2019-03-21,Delhi,Cochin,08:00:00,18:50:00,650,1.0,In-flight meal not included,6540
Spicejet,2019-04-09,Kolkata,Banglore,06:55:00,09:30:00,155,0.0,No check-in baggage included,3841
Air India,2019-05-06,Kolkata,Banglore,10:00:00,10:30:00,1470,3.0,No Info,12797
Multiple Carriers,2019-05-18,Delhi,Cochin,08:00:00,19:00:00,660,1.0,No Info,10197
Indigo,2019-05-18,Delhi,Cochin,06:40:00,21:00:00,860,1.0,No Info,6758
Jet Airways,2019-06-01,Delhi,Cochin,14:00:00,19:00:00,300,1.0,In-flight meal not included,10262
Jet Airways,2019-06-01,Delhi,Cochin,09:40:00,12:35:00,1615,2.0,In-flight meal not included,10368
Air Asia,2019-03-03,Banglore,New Delhi,23:25:00,02:10:00,165,0.0,No Info,6477
Multiple Carriers,2019-05-09,Delhi,Cochin,07:30:00,19:00:00,690,1.0,No Info,9315
Indigo,2019-03-01,Kolkata,Banglore,09:35:00,12:20:00,165,0.0,No Info,6565
Spicejet,2019-04-06,Banglore,Delhi,21:10:00,00:05:00,175,0.0,No check-in baggage included,3919
Jet Airways,2019-03-27,Delhi,Cochin,11:30:00,04:25:00,1015,1.0,No Info,12242
Jet Airways,2019-06-27,Banglore,Delhi,19:50:00,22:50:00,180,0.0,In-flight meal not included,7229
Air India,2019-05-15,Kolkata,Banglore,09:25:00,13:45:00,1700,2.0,No Info,14482
Jet Airways,2019-06-01,Delhi,Cochin,20:55:00,12:35:00,940,1.0,In-flight meal not included,10262
Jet Airways,2019-04-06,Delhi,Cochin,22:50:00,12:35:00,825,1.0,In-flight meal not included,5177
Jet Airways,2019-04-24,Banglore,Delhi,08:20:00,11:20:00,180,0.0,In-flight meal not included,4544
Jet Airways,2019-05-18,Delhi,Cochin,19:30:00,04:25:00,535,2.0,No Info,15129
Multiple Carriers,2019-06-09,Delhi,Cochin,03:50:00,11:30:00,460,1.0,No Info,7408
Multiple Carriers,2019-03-09,Delhi,Cochin,06:50:00,19:15:00,745,1.0,In-flight meal not included,14817
Indigo,2019-06-24,Banglore,Delhi,08:30:00,11:20:00,170,0.0,No Info,4823
Jet Airways,2019-03-12,Banglore,New Delhi,22:55:00,12:25:00,810,1.0,In-flight meal not included,11087
Multiple Carriers,2019-05-27,Delhi,Cochin,11:25:00,19:15:00,470,1.0,No Info,8625
Jet Airways,2019-06-03,Delhi,Cochin,15:00:00,19:00:00,1680,1.0,In-flight meal not included,10262
Jet Airways,2019-06-06,Banglore,Delhi,18:55:00,22:00:00,185,0.0,In-flight meal not included,7229
Air India,2019-06-18,Mumbai,Hyderabad,13:55:00,15:25:00,90,0.0,No Info,3100
Indigo,2019-05-09,Kolkata,Banglore,17:15:00,19:50:00,155,0.0,No Info,4804
Multiple Carriers,2019-06-01,Delhi,Cochin,08:00:00,19:15:00,675,1.0,No Info,16108
Jet Airways,2019-03-27,Delhi,Cochin,19:10:00,19:45:00,1475,2.0,No Info,10929
Jet Airways,2019-03-12,Banglore,New Delhi,08:55:00,10:25:00,1530,1.0,In-flight meal not included,11087
Jet Airways,2019-05-24,Kolkata,Banglore,20:00:00,09:20:00,800,1.0,In-flight meal not included,10844
Spicejet,2019-03-09,Delhi,Cochin,06:10:00,11:20:00,310,1.0,No Info,8382
Jet Airways,2019-06-18,Banglore,Delhi,08:20:00,11:20:00,180,0.0,In-flight meal not included,5769
Multiple Carriers,2019-03-09,Delhi,Cochin,07:30:00,19:45:00,735,1.0,No Info,12615
Jet Airways,2019-03-27,Delhi,Cochin,18:15:00,04:25:00,610,1.0,No Info,12242
Air India,2019-03-27,Delhi,Cochin,12:00:00,19:15:00,435,2.0,No Info,10493
Jet Airways,2019-05-15,Banglore,Delhi,08:20:00,11:20:00,180,0.0,No Info,7229
Air India,2019-06-01,Kolkata,Banglore,14:15:00,16:45:00,150,0.0,No Info,6245
Jet Airways,2019-06-03,Banglore,Delhi,11:10:00,14:05:00,175,0.0,No Info,8016
Spicejet,2019-06-24,Delhi,Cochin,08:45:00,13:15:00,270,1.0,No check-in baggage included,4760
Jet Airways,2019-03-18,Mumbai,Hyderabad,02:55:00,04:25:00,90,0.0,No Info,5678
Multiple Carriers,2019-03-09,Delhi,Cochin,17:50:00,01:35:00,465,2.0,No Info,23583
Jet Airways,2019-05-15,Kolkata,Banglore,09:35:00,18:00:00,505,1.0,In-flight meal not included,12384
Air India,2019-05-15,Delhi,Cochin,10:00:00,19:15:00,555,1.0,No Info,8372
Multiple Carriers,2019-06-24,Delhi,Cochin,11:30:00,01:30:00,840,1.0,No Info,13377
Multiple Carriers,2019-03-27,Delhi,Cochin,08:25:00,19:15:00,650,1.0,No Info,8601
Jet Airways,2019-06-15,Delhi,Cochin,14:35:00,12:35:00,1320,2.0,No Info,13376
Indigo,2019-05-09,Delhi,Cochin,02:00:00,07:25:00,325,1.0,No Info,6582
Multiple Carriers,2019-06-24,Delhi,Cochin,10:35:00,19:00:00,505,1.0,No Info,10678
Vistara,2019-05-01,Kolkata,Banglore,07:10:00,10:45:00,1655,1.0,No Info,9187
Jet Airways,2019-06-24,Delhi,Cochin,14:35:00,04:25:00,830,2.0,No Info,13376
Jet Airways,2019-06-09,Delhi,Cochin,11:30:00,19:00:00,450,1.0,In-flight meal not included,10262
Indigo,2019-06-03,Banglore,Delhi,23:30:00,02:20:00,170,0.0,No Info,4591
Jet Airways,2019-03-12,Banglore,New Delhi,22:55:00,10:45:00,710,1.0,No Info,13817
Jet Airways,2019-04-03,Banglore,Delhi,18:55:00,22:00:00,185,0.0,No Info,7229
Air India,2019-05-24,Kolkata,Banglore,09:10:00,13:15:00,245,1.0,No Info,8996
Multiple Carriers,2019-06-01,Delhi,Cochin,11:30:00,21:00:00,570,1.0,No Info,13587
Air India,2019-05-24,Kolkata,Banglore,05:50:00,08:55:00,1625,2.0,No Info,12723
Jet Airways,2019-03-01,Banglore,New Delhi,22:50:00,23:00:00,1450,1.0,No Info,25735
Air India,2019-05-24,Kolkata,Banglore,05:50:00,20:25:00,875,2.0,No Info,11201
Indigo,2019-05-18,Delhi,Cochin,18:35:00,01:30:00,415,1.0,No Info,7503
Jet Airways,2019-05-18,Kolkata,Banglore,09:35:00,22:05:00,750,1.0,In-flight meal not included,12384
Air India,2019-04-06,Delhi,Cochin,17:40:00,23:00:00,320,1.0,No Info,5232
Vistara,2019-03-09,Banglore,New Delhi,06:40:00,21:55:00,915,1.0,No Info,10008
Goair,2019-06-27,Delhi,Cochin,07:00:00,12:55:00,355,1.0,No Info,5281
Jet Airways,2019-06-12,Delhi,Cochin,09:25:00,12:35:00,1630,2.0,No Info,13882
Jet Airways,2019-05-01,Mumbai,Hyderabad,02:55:00,04:20:00,85,0.0,No Info,5678
Spicejet,2019-06-03,Banglore,Delhi,21:10:00,00:05:00,175,0.0,No Info,3311
Jet Airways,2019-06-12,Delhi,Cochin,05:30:00,04:25:00,1375,2.0,No Info,13014
Jet Airways,2019-06-09,Kolkata,Banglore,14:05:00,04:40:00,875,1.0,No Info,14178
Air India,2019-05-18,Banglore,Delhi,13:20:00,16:10:00,170,0.0,No Info,6121
Jet Airways,2019-06-27,Delhi,Cochin,23:05:00,19:00:00,1195,2.0,In-flight meal not included,11150
Jet Airways,2019-03-21,Delhi,Cochin,19:45:00,04:25:00,520,1.0,No Info,12557
Indigo,2019-04-21,Banglore,Delhi,04:00:00,06:50:00,170,0.0,No Info,4423
Jet Airways,2019-03-09,Delhi,Cochin,15:05:00,18:50:00,1665,1.0,No Info,16289
Air India,2019-05-12,Kolkata,Banglore,09:10:00,13:15:00,245,1.0,No Info,8996
Jet Airways,2019-06-24,Delhi,Cochin,14:00:00,19:00:00,300,1.0,In-flight meal not included,10262
Air India,2019-03-21,Delhi,Cochin,17:15:00,07:40:00,865,2.0,No Info,8052
Indigo,2019-06-27,Banglore,Delhi,21:15:00,00:15:00,180,0.0,No Info,3943
Spicejet,2019-05-09,Banglore,Delhi,09:30:00,12:20:00,170,0.0,No check-in baggage included,4885
Jet Airways,2019-05-09,Kolkata,Banglore,20:00:00,10:05:00,845,1.0,No Info,13584
Indigo,2019-04-06,Kolkata,Banglore,14:25:00,16:55:00,150,0.0,No Info,4174
Indigo,2019-06-18,Delhi,Cochin,05:35:00,08:50:00,195,0.0,No Info,5000
Air India,2019-06-12,Delhi,Cochin,16:40:00,19:15:00,1595,2.0,No Info,9443
Indigo,2019-06-21,Kolkata,Banglore,14:25:00,16:55:00,150,0.0,No Info,5224
Jet Airways,2019-04-18,Banglore,Delhi,18:55:00,22:00:00,185,0.0,No Info,7229
Indigo,2019-04-18,Banglore,Delhi,21:15:00,00:15:00,180,0.0,No Info,4591
Jet Airways,2019-04-01,Delhi,Cochin,17:30:00,12:35:00,1145,1.0,In-flight meal not included,5406
Jet Airways,2019-06-09,Delhi,Cochin,21:50:00,04:25:00,395,1.0,In-flight meal not included,10262
Air India,2019-03-03,Chennai,Kolkata,11:40:00,13:55:00,135,0.0,No Info,10810
Jet Airways,2019-04-01,Kolkata,Banglore,18:55:00,04:40:00,585,1.0,In-flight meal not included,7064
Air India,2019-06-06,Kolkata,Banglore,16:50:00,07:55:00,905,1.0,No Info,8366
Jet Airways,2019-06-15,Delhi,Cochin,09:40:00,04:25:00,1125,2.0,In-flight meal not included,10368
Jet Airways,2019-06-12,Kolkata,Banglore,09:35:00,21:05:00,690,1.0,In-flight meal not included,10539
Multiple Carriers,2019-06-12,Delhi,Cochin,11:40:00,19:00:00,440,1.0,No Info,11789
Jet Airways,2019-05-12,Delhi,Cochin,11:00:00,14:15:00,195,0.0,No Info,9564
Air India,2019-04-01,Kolkata,Banglore,16:45:00,08:55:00,970,2.0,No Info,9920
Jet Airways,2019-03-09,Delhi,Cochin,02:15:00,19:45:00,1050,1.0,In-flight meal not included,13843
Air India,2019-05-03,Banglore,Delhi,06:10:00,08:55:00,165,0.0,No Info,5228
Indigo,2019-03-09,Banglore,New Delhi,06:25:00,11:30:00,305,1.0,No Info,8434
Spicejet,2019-03-09,Banglore,New Delhi,05:45:00,08:35:00,170,0.0,No Info,7110
Vistara,2019-03-09,Banglore,New Delhi,07:00:00,09:40:00,160,0.0,No Info,7975
Indigo,2019-06-12,Mumbai,Hyderabad,19:05:00,20:35:00,90,0.0,No Info,2754
Jet Airways,2019-06-09,Kolkata,Banglore,20:00:00,22:35:00,1595,1.0,In-flight meal not included,10844
Indigo,2019-05-15,Delhi,Cochin,08:35:00,16:10:00,455,1.0,No Info,6442
Indigo,2019-04-06,Kolkata,Banglore,15:15:00,20:30:00,315,1.0,No Info,4268
Jet Airways,2019-05-27,Delhi,Cochin,11:30:00,04:25:00,1015,1.0,In-flight meal not included,12898
Jet Airways,2019-03-06,Delhi,Cochin,19:45:00,19:45:00,1440,1.0,No Info,17024
Spicejet,2019-03-06,Chennai,Kolkata,09:30:00,12:05:00,155,0.0,No Info,7298
Jet Airways,2019-05-01,Kolkata,Banglore,18:55:00,10:05:00,910,1.0,No Info,13941
Air India,2019-04-21,Delhi,Cochin,06:10:00,23:00:00,1010,1.0,No Info,7174
Indigo,2019-06-21,Banglore,Delhi,20:00:00,22:50:00,170,0.0,No Info,4823
Goair,2019-04-12,Banglore,Delhi,20:55:00,23:40:00,165,0.0,No Info,6722
Air Asia,2019-03-03,Banglore,New Delhi,05:50:00,08:40:00,170,0.0,No Info,7652
Jet Airways,2019-05-15,Kolkata,Banglore,09:35:00,18:00:00,505,1.0,No Info,13067
Jet Airways,2019-04-01,Kolkata,Banglore,20:00:00,16:20:00,1220,1.0,No Info,12681
Jet Airways,2019-06-06,Kolkata,Banglore,09:35:00,18:00:00,505,1.0,In-flight meal not included,10539
Indigo,2019-06-01,Delhi,Cochin,06:50:00,16:10:00,560,1.0,No Info,6442
Indigo,2019-03-27,Delhi,Cochin,10:45:00,21:00:00,615,1.0,No Info,6838
Indigo,2019-04-01,Kolkata,Banglore,11:30:00,14:05:00,155,0.0,No Info,4174
Air India,2019-03-24,Kolkata,Banglore,09:25:00,05:35:00,1210,2.0,No Info,12352
Air India,2019-03-21,Delhi,Cochin,06:10:00,23:00:00,1010,1.0,No Info,5704
Jet Airways,2019-05-06,Kolkata,Banglore,06:30:00,18:15:00,705,1.0,In-flight meal not included,10844
Vistara,2019-05-18,Kolkata,Banglore,07:10:00,22:40:00,930,1.0,No Info,9187
Multiple Carriers,2019-06-09,Delhi,Cochin,13:00:00,01:30:00,750,1.0,No Info,7198
Spicejet,2019-04-01,Kolkata,Banglore,06:55:00,09:30:00,155,0.0,No check-in baggage included,3841
Jet Airways,2019-05-15,Kolkata,Banglore,20:25:00,09:45:00,800,1.0,In-flight meal not included,12384
Indigo,2019-03-03,Chennai,Kolkata,14:40:00,17:05:00,145,0.0,No Info,7295
Indigo,2019-03-15,Banglore,New Delhi,18:25:00,21:20:00,175,0.0,No Info,8855
Indigo,2019-06-15,Delhi,Cochin,09:15:00,21:00:00,705,1.0,No Info,6838
Jet Airways,2019-04-01,Banglore,Delhi,15:15:00,18:10:00,175,0.0,No Info,7229
Air India,2019-05-09,Kolkata,Banglore,10:00:00,23:15:00,795,1.0,No Info,10203
Multiple Carriers,2019-06-03,Delhi,Cochin,13:00:00,21:00:00,480,1.0,No Info,7408
Vistara,2019-04-09,Delhi,Cochin,06:00:00,09:10:00,190,0.0,No Info,5586
Indigo,2019-05-06,Mumbai,Hyderabad,21:20:00,22:50:00,90,0.0,No Info,2227
Jet Airways,2019-03-06,Banglore,New Delhi,05:45:00,12:25:00,400,1.0,No Info,22270
Indigo,2019-04-09,Banglore,Delhi,21:15:00,00:15:00,180,0.0,No Info,3943
Spicejet,2019-06-21,Mumbai,Hyderabad,05:45:00,07:15:00,90,0.0,No check-in baggage included,2647
Indigo,2019-06-06,Banglore,Delhi,04:00:00,06:50:00,170,0.0,No Info,3943
Jet Airways,2019-03-21,Banglore,New Delhi,11:40:00,21:20:00,580,1.0,In-flight meal not included,7832
Air India,2019-05-01,Kolkata,Banglore,14:35:00,14:35:00,1440,1.0,No Info,7001
Jet Airways,2019-06-09,Mumbai,Hyderabad,02:55:00,04:20:00,85,0.0,In-flight meal not included,4050
Jet Airways,2019-06-21,Mumbai,Hyderabad,10:20:00,11:50:00,90,0.0,No Info,8040
Air Asia,2019-05-12,Banglore,Delhi,04:55:00,07:45:00,170,0.0,No Info,4282
Spicejet,2019-06-27,Mumbai,Hyderabad,05:45:00,07:15:00,90,0.0,No Info,2017
Jet Airways,2019-06-12,Delhi,Cochin,13:00:00,19:00:00,360,1.0,In-flight meal not included,10262
Spicejet,2019-03-24,Chennai,Kolkata,09:30:00,12:05:00,155,0.0,No check-in baggage included,3807
Vistara,2019-06-06,Kolkata,Banglore,20:20:00,18:50:00,1350,1.0,No Info,8820
Indigo,2019-03-09,Delhi,Cochin,02:00:00,07:45:00,345,1.0,No Info,7060
Jet Airways,2019-06-06,Delhi,Cochin,19:15:00,04:25:00,550,1.0,No Info,14714
Indigo,2019-06-15,Chennai,Kolkata,05:15:00,07:40:00,145,0.0,No Info,3540
Jet Airways,2019-06-06,Kolkata,Banglore,20:00:00,04:40:00,520,1.0,No Info,13731
Jet Airways,2019-06-01,Mumbai,Hyderabad,02:55:00,04:20:00,85,0.0,No Info,5678
Spicejet,2019-04-18,Kolkata,Banglore,17:10:00,19:40:00,150,0.0,No Info,4174
Indigo,2019-03-01,Mumbai,Hyderabad,16:55:00,18:25:00,90,0.0,No Info,8853
Indigo,2019-06-12,Delhi,Cochin,07:35:00,16:10:00,515,1.0,No Info,6442
Indigo,2019-06-15,Delhi,Cochin,15:10:00,20:00:00,290,1.0,No Info,6147
Indigo,2019-05-06,Kolkata,Banglore,21:25:00,00:05:00,160,0.0,No Info,4804
Jet Airways,2019-06-24,Delhi,Cochin,11:00:00,14:15:00,195,0.0,In-flight meal not included,4256
Jet Airways,2019-05-18,Kolkata,Banglore,08:25:00,20:45:00,740,1.0,In-flight meal not included,10844
Vistara,2019-04-01,Kolkata,Banglore,20:20:00,18:50:00,1350,1.0,No Info,7927
Jet Airways,2019-05-12,Kolkata,Banglore,09:35:00,22:05:00,750,1.0,No Info,14151
Jet Airways,2019-05-12,Kolkata,Banglore,18:55:00,18:15:00,1400,1.0,In-flight meal not included,10844
Air India,2019-05-01,Kolkata,Banglore,16:45:00,21:05:00,1700,1.0,No Info,7452
Air India,2019-05-21,Delhi,Cochin,12:00:00,07:40:00,1180,2.0,No Info,9653
Spicejet,2019-05-21,Chennai,Kolkata,17:45:00,20:05:00,140,0.0,No Info,3597
Indigo,2019-03-18,Banglore,New Delhi,12:10:00,17:05:00,295,1.0,No Info,4410
Multiple Carriers,2019-05-27,Delhi,Cochin,07:05:00,21:00:00,835,1.0,In-flight meal not included,10406
Indigo,2019-05-15,Chennai,Kolkata,11:35:00,14:00:00,145,0.0,No Info,4332
Vistara,2019-05-03,Banglore,Delhi,17:00:00,19:35:00,155,0.0,No Info,5613
Spicejet,2019-05-24,Mumbai,Hyderabad,22:45:00,00:15:00,90,0.0,No Info,2017
Jet Airways,2019-05-18,Kolkata,Banglore,21:10:00,10:05:00,775,1.0,In-flight meal not included,8586
Indigo,2019-04-12,Kolkata,Banglore,15:30:00,18:05:00,155,0.0,No Info,4174
Multiple Carriers,2019-05-18,Delhi,Cochin,08:00:00,21:00:00,780,1.0,No Info,8073
Jet Airways,2019-05-01,Kolkata,Banglore,09:35:00,10:55:00,1520,1.0,No Info,12121
Jet Airways,2019-05-18,Delhi,Cochin,13:25:00,04:25:00,900,2.0,No Info,16704
Jet Airways,2019-05-01,Kolkata,Banglore,08:25:00,09:20:00,1495,1.0,In-flight meal not included,9663
Jet Airways,2019-03-18,Banglore,New Delhi,07:00:00,12:25:00,325,1.0,No Info,12284
Jet Airways,2019-03-01,Banglore,New Delhi,16:55:00,00:45:00,470,1.0,No Info,26890
Jet Airways,2019-06-06,Kolkata,Banglore,18:55:00,12:00:00,1025,1.0,No Info,14571
Multiple Carriers,2019-06-15,Delhi,Cochin,14:55:00,22:30:00,455,1.0,In-flight meal not included,6093
Indigo,2019-03-09,Kolkata,Banglore,14:20:00,16:55:00,155,0.0,No Info,4148
Jet Airways,2019-04-01,Kolkata,Banglore,21:10:00,08:15:00,665,1.0,In-flight meal not included,8849
Jet Airways,2019-06-09,Kolkata,Banglore,06:30:00,18:15:00,705,1.0,No Info,14571
Spicejet,2019-05-27,Delhi,Cochin,08:45:00,13:15:00,270,1.0,No check-in baggage included,5158
Jet Airways,2019-06-01,Delhi,Cochin,09:40:00,12:35:00,1615,2.0,No Info,13014
Multiple Carriers,2019-06-12,Delhi,Cochin,07:30:00,19:00:00,690,1.0,No Info,10877
Air India,2019-05-27,Delhi,Cochin,18:05:00,21:10:00,185,0.0,No Info,6094
Spicejet,2019-06-09,Delhi,Cochin,17:55:00,22:50:00,295,1.0,No Info,5409
Jet Airways,2019-03-09,Banglore,New Delhi,09:45:00,00:30:00,885,1.0,In-flight meal not included,10562
Air India,2019-03-27,Delhi,Cochin,17:15:00,07:40:00,865,2.0,No Info,8367
Indigo,2019-03-15,Banglore,New Delhi,20:00:00,22:55:00,175,0.0,No Info,8855
Indigo,2019-03-09,Banglore,New Delhi,23:30:00,02:20:00,170,0.0,No Info,4777
Indigo,2019-05-01,Chennai,Kolkata,07:55:00,10:15:00,140,0.0,No Info,3850
Jet Airways,2019-03-06,Delhi,Cochin,05:40:00,04:25:00,1365,2.0,In-flight meal not included,17271
Air Asia,2019-06-03,Delhi,Cochin,16:45:00,06:35:00,830,1.0,No Info,11410
Jet Airways,2019-03-18,Banglore,New Delhi,14:05:00,19:10:00,305,1.0,No Info,14815
Multiple Carriers,2019-05-27,Delhi,Cochin,07:30:00,21:00:00,810,1.0,No Info,8475
Indigo,2019-04-27,Delhi,Cochin,16:00:00,21:00:00,300,1.0,No Info,6937
Jet Airways,2019-06-15,Delhi,Cochin,09:35:00,12:35:00,1620,2.0,No Info,12609
Jet Airways,2019-03-01,Banglore,New Delhi,11:40:00,10:25:00,1365,1.0,No Info,25735
Multiple Carriers,2019-03-21,Delhi,Cochin,07:05:00,21:20:00,855,2.0,No Info,6653
Spicejet,2019-06-12,Kolkata,Banglore,15:05:00,20:20:00,315,1.0,No Info,4649
Spicejet,2019-05-09,Delhi,Cochin,08:45:00,13:15:00,270,1.0,No Info,4812
Jet Airways,2019-05-06,Kolkata,Banglore,18:55:00,08:15:00,800,1.0,No Info,13584
Air Asia,2019-05-15,Banglore,Delhi,04:55:00,07:45:00,170,0.0,No Info,4282
Multiple Carriers,2019-03-27,Delhi,Cochin,06:40:00,19:15:00,755,1.0,No Info,9100
Air India,2019-05-18,Delhi,Cochin,08:00:00,19:15:00,675,1.0,No Info,8879
Jet Airways,2019-06-09,Delhi,Cochin,14:00:00,04:25:00,865,1.0,In-flight meal not included,10262
Multiple Carriers,2019-03-21,Delhi,Cochin,06:00:00,13:20:00,440,1.0,No Info,11269
Jet Airways,2019-05-21,Delhi,Cochin,14:00:00,19:00:00,300,1.0,No Info,16079
Jet Airways,2019-04-09,Banglore,Delhi,08:20:00,11:20:00,180,0.0,In-flight meal not included,4544
Jet Airways,2019-05-18,Delhi,Cochin,10:00:00,19:00:00,540,1.0,No Info,15554
Jet Airways,2019-05-18,Banglore,Delhi,07:10:00,10:10:00,180,0.0,In-flight meal not included,5198
Indigo,2019-03-01,Banglore,New Delhi,16:55:00,21:50:00,295,1.0,No Info,8153
Air India,2019-05-18,Delhi,Cochin,17:15:00,19:15:00,1560,2.0,No Info,12392
Vistara,2019-06-12,Kolkata,Banglore,20:20:00,23:25:00,1625,1.0,No Info,8610
Jet Airways,2019-05-15,Kolkata,Banglore,06:30:00,19:50:00,800,1.0,No Info,14781
Air Asia,2019-05-01,Banglore,Delhi,04:55:00,07:45:00,170,0.0,No Info,4282
Multiple Carriers,2019-06-27,Delhi,Cochin,08:45:00,19:15:00,630,1.0,No Info,8266
Multiple Carriers,2019-06-12,Delhi,Cochin,07:00:00,19:00:00,720,1.0,No Info,12192
Jet Airways,2019-06-01,Delhi,Cochin,14:00:00,04:25:00,865,1.0,In-flight meal not included,10262
Spicejet,2019-05-18,Mumbai,Hyderabad,22:45:00,00:15:00,90,0.0,No check-in baggage included,1965
Air India,2019-04-27,Delhi,Cochin,05:10:00,08:00:00,170,0.0,No Info,6094
Air India,2019-05-15,Kolkata,Banglore,09:25:00,21:50:00,745,1.0,No Info,8366
Jet Airways,2019-06-15,Mumbai,Hyderabad,07:05:00,08:30:00,85,0.0,In-flight meal not included,4050
Indigo,2019-05-21,Delhi,Cochin,08:35:00,18:10:00,575,1.0,No Info,6442
Indigo,2019-04-18,Kolkata,Banglore,21:25:00,00:05:00,160,0.0,No Info,4174
Jet Airways,2019-05-21,Delhi,Cochin,20:55:00,04:25:00,450,1.0,No Info,16079
Jet Airways,2019-04-21,Banglore,Delhi,18:55:00,22:00:00,185,0.0,No Info,7229
Vistara,2019-06-06,Kolkata,Banglore,07:10:00,20:20:00,790,1.0,No Info,8610
Indigo,2019-03-24,Kolkata,Banglore,05:35:00,11:20:00,345,1.0,No Info,9319
Jet Airways,2019-05-09,Delhi,Cochin,05:30:00,04:25:00,1375,2.0,In-flight meal not included,13029
Jet Airways,2019-06-06,Kolkata,Banglore,09:35:00,19:10:00,575,1.0,In-flight meal not included,13469
Jet Airways,2019-06-06,Kolkata,Banglore,09:35:00,09:45:00,1450,1.0,No Info,12692
Indigo,2019-06-24,Banglore,Delhi,18:55:00,21:50:00,175,0.0,No Info,4823
Indigo,2019-05-15,Delhi,Cochin,15:00:00,01:30:00,630,1.0,No Info,7191
Air India,2019-03-06,Banglore,New Delhi,11:50:00,08:55:00,1265,1.0,No Info,14594
Jet Airways,2019-04-01,Kolkata,Banglore,21:10:00,08:15:00,665,1.0,No Info,13364
Jet Airways,2019-06-01,Delhi,Cochin,17:30:00,19:00:00,1530,1.0,No Info,14714
Jet Airways,2019-06-12,Kolkata,Banglore,18:55:00,18:15:00,1400,1.0,In-flight meal not included,8529
Air India,2019-03-12,Banglore,New Delhi,17:25:00,16:20:00,1375,2.0,No Info,12778
Jet Airways,2019-03-27,Delhi,Cochin,05:10:00,19:45:00,2315,2.0,In-flight meal not included,8098
Jet Airways,2019-06-12,Kolkata,Banglore,20:00:00,12:00:00,960,1.0,No Info,13044
Indigo,2019-05-15,Mumbai,Hyderabad,16:55:00,18:25:00,90,0.0,No Info,3175
Multiple Carriers,2019-05-21,Delhi,Cochin,18:15:00,01:30:00,435,1.0,No Info,14067
Air India,2019-03-03,Delhi,Cochin,09:45:00,09:25:00,1420,2.0,No Info,12760
Indigo,2019-03-24,Mumbai,Hyderabad,20:05:00,21:35:00,90,0.0,No Info,2227
Jet Airways,2019-03-24,Banglore,New Delhi,02:00:00,04:45:00,165,0.0,No Info,7229
Jet Airways,2019-06-06,Delhi,Cochin,16:00:00,19:00:00,1620,1.0,In-flight meal not included,10262
Spicejet,2019-03-09,Mumbai,Hyderabad,08:50:00,10:15:00,85,0.0,No Info,5755
Jet Airways,2019-05-12,Kolkata,Banglore,06:30:00,12:00:00,330,1.0,In-flight meal not included,8586
Multiple Carriers,2019-06-01,Delhi,Cochin,11:25:00,19:00:00,455,1.0,No Info,11200
Jet Airways,2019-05-01,Delhi,Cochin,23:05:00,19:00:00,1195,2.0,No Info,15129
Multiple Carriers,2019-06-24,Delhi,Cochin,17:30:00,01:30:00,480,1.0,No Info,13377
Multiple Carriers,2019-05-09,Delhi,Cochin,07:05:00,21:00:00,835,1.0,In-flight meal not included,10546
Jet Airways,2019-05-01,Kolkata,Banglore,14:05:00,08:15:00,1090,1.0,In-flight meal not included,8586
Air India,2019-04-03,Kolkata,Banglore,20:45:00,23:20:00,155,0.0,No Info,4460
Jet Airways,2019-05-21,Delhi,Cochin,14:00:00,04:25:00,865,1.0,In-flight meal not included,12898
Indigo,2019-03-06,Delhi,Cochin,15:00:00,01:35:00,635,1.0,No Info,14871
Vistara,2019-04-01,Kolkata,Banglore,17:00:00,10:45:00,1065,1.0,No Info,9187
Spicejet,2019-06-18,Mumbai,Hyderabad,05:45:00,07:15:00,90,0.0,No check-in baggage included,2647
Jet Airways,2019-06-24,Delhi,Cochin,19:10:00,12:35:00,1045,2.0,No Info,12819
Jet Airways,2019-06-09,Kolkata,Banglore,17:00:00,23:35:00,395,1.0,In-flight meal not included,13994
Indigo,2019-04-21,Kolkata,Banglore,11:30:00,14:05:00,155,0.0,No Info,5644
Jet Airways,2019-03-21,Delhi,Cochin,14:00:00,04:25:00,865,1.0,In-flight meal not included,7438
Multiple Carriers,2019-04-09,Delhi,Cochin,17:00:00,01:30:00,510,1.0,No Info,6838
Indigo,2019-05-09,Chennai,Kolkata,07:55:00,10:15:00,140,0.0,No Info,3850
Multiple Carriers,2019-06-06,Delhi,Cochin,09:15:00,19:00:00,585,1.0,No Info,11622
Jet Airways,2019-05-15,Banglore,Delhi,17:45:00,20:45:00,180,0.0,No Info,7229
Vistara,2019-05-12,Kolkata,Banglore,17:00:00,18:50:00,1550,1.0,No Info,9135
Air India,2019-06-24,Delhi,Cochin,17:15:00,19:15:00,1560,2.0,No Info,11989
Air India,2019-03-09,Banglore,New Delhi,21:10:00,23:55:00,165,0.0,No Info,7591
Spicejet,2019-06-01,Mumbai,Hyderabad,05:45:00,07:15:00,90,0.0,No Info,2753
Jet Airways,2019-06-06,Kolkata,Banglore,20:00:00,12:00:00,960,1.0,In-flight meal not included,10844
Jet Airways,2019-06-24,Delhi,Cochin,06:45:00,04:25:00,1300,2.0,No Info,13376
Indigo,2019-03-21,Delhi,Cochin,09:10:00,15:30:00,380,1.0,No Info,9709
Indigo,2019-03-27,Delhi,Cochin,11:55:00,21:20:00,565,2.0,No Info,6494
Vistara,2019-05-12,Banglore,Delhi,09:45:00,12:35:00,170,0.0,No Info,4668
Jet Airways,2019-06-15,Delhi,Cochin,12:15:00,04:25:00,970,2.0,No Info,14300
Indigo,2019-05-09,Delhi,Cochin,20:25:00,01:30:00,305,1.0,No Info,7255
Indigo,2019-06-12,Banglore,Delhi,08:30:00,11:20:00,170,0.0,No Info,4823
Spicejet,2019-05-21,Banglore,Delhi,09:30:00,12:20:00,170,0.0,No check-in baggage included,3573
Jet Airways,2019-06-03,Delhi,Cochin,19:15:00,19:00:00,1425,1.0,In-flight meal not included,10262
Spicejet,2019-06-09,Banglore,Delhi,09:30:00,12:20:00,170,0.0,No Info,4423
Jet Airways,2019-05-09,Delhi,Cochin,21:50:00,04:25:00,395,1.0,No Info,15554
Multiple Carriers,2019-06-12,Delhi,Cochin,04:55:00,12:35:00,460,1.0,No Info,10678
Indigo,2019-05-01,Chennai,Kolkata,19:35:00,21:55:00,140,0.0,No Info,3597
Spicejet,2019-06-27,Chennai,Kolkata,17:45:00,20:05:00,140,0.0,No Info,3597
Air India,2019-05-06,Kolkata,Banglore,09:50:00,08:55:00,1385,2.0,No Info,13227
Air India,2019-03-03,Banglore,New Delhi,06:55:00,13:20:00,385,1.0,No Info,10924
Jet Airways,2019-05-21,Delhi,Cochin,05:30:00,19:00:00,810,2.0,In-flight meal not included,13029
Vistara,2019-06-01,Delhi,Cochin,14:40:00,17:50:00,190,0.0,No Info,6741
Jet Airways,2019-03-24,Banglore,New Delhi,11:10:00,14:05:00,175,0.0,No Info,7229
